name,pick,xVORP,xVORP_impact,Peak Impact Rating,Immediate Impact Rating,ceiling_player,floor_player,ceiling_player_rating,floor_player_rating,year
Nikola Topić,12,0.500428297,-0.004719343,3.34,-0.06,LaMelo Ball,Killian Hayes,"{1.0: 1.4, 2.0: 3.3, 3.0: 1.4, 4.0: 1.0}","{1.0: -0.6, 2.0: -1.0, 3.0: -0.2, 4.0: -0.9}",2024
Reed Sheppard,3,0.881812758,0.337495746,5.88,4.22,Tyrese Haliburton,Davion Mitchell,"{1.0: 5.0, 2.0: 1.5, 3.0: 1.1, 4.0: 3.1, 5.0: 2.0, 6.0: 4.4}","{1.0: -0.3, 2.0: -0.4, 3.0: -0.9}",2024
Zaccharie Risacher,1,0.674546149,-0.178313618,4.5,-2.23,Brandon Ingram,Kevin Knox,"{1.0: 0.4, 2.0: 1.7, 3.0: 2.2, 4.0: 1.9, 5.0: -1.4, 6.0: 1.5, 7.0: 0.0, 8.0: 2.2}","{1.0: 0.0, 2.0: -0.1, 3.0: -0.1, 4.0: 0.1, 5.0: -0.4, 6.0: -2.0, 7.0: -0.4, 8.0: -0.1, 9.0: -0.2, 10.0: -0.7}",2024
Alexandre Sarr,2,0.468423653,0.227711833,3.12,2.85,Myles Turner,Georgios Papagiannis,"{1.0: 1.5, 2.0: 1.9, 3.0: 0.8, 4.0: 1.0, 5.0: 2.4, 6.0: 0.1, 7.0: 1.1, 8.0: 2.0, 9.0: 0.9}","{1.0: -0.1, 2.0: 0.0, 3.0: -0.2, 4.0: -0.1}",2024
Matas Buzelis,11,0.385093034,0.004573921,2.57,0.06,Brandon Ingram,Sekou Doumbouya,"{1.0: 0.4, 2.0: 1.7, 3.0: 2.2, 4.0: 1.9, 5.0: -1.4, 6.0: 1.5, 7.0: 0.0, 8.0: 2.2}","{1.0: -1.0, 2.0: 0.1, 3.0: -0.9}",2024
Stephon Castle,4,0.497879512,-0.091138636,3.32,-1.14,Shai Gilgeous-Alexander,Marquis Teague,"{1.0: 2.7, 2.0: 2.2, 3.0: 7.1, 4.0: 0.8, 5.0: 1.8, 6.0: 5.6}","{1.0: -0.6, 2.0: -0.2, 3.0: -0.4, 4.0: -0.1, 5.0: -0.4}",2024
Donovan Clingan,7,0.991494328,0.543357363,6.61,6.79,Anthony Davis,A.J. Hammons,"{1.0: 4.0, 2.0: 5.4, 3.0: 2.1, 4.0: 5.9, 5.0: 5.3, 6.0: 5.4, 7.0: 6.7, 8.0: 4.9, 9.0: 4.0, 10.0: 2.0, 11.0: 3.2, 12.0: 2.0}",{1.0: -0.2},2024
Ron Holland,5,0.494072643,0.028515209,3.29,0.36,LaMelo Ball,Josh Jackson,"{1.0: 1.4, 2.0: 3.3, 3.0: 1.4, 4.0: 1.0}","{1.0: -1.1, 2.0: -0.3, 3.0: -0.4, 4.0: -1.3, 5.0: 0.2, 6.0: -0.5, 7.0: -0.2}",2024
Dalton Knecht,17,0.129551769,-0.14127035,0.86,-1.77,Buddy Hield,Cleanthony Early,"{1.0: 1.5, 2.0: 2.7, 3.0: 0.9, 4.0: 0.6, 5.0: 0.2, 6.0: 1.7, 7.0: 0.5, 8.0: 2.4, 9.0: 1.3, 10.0: -0.2, 11.0: 0.0, 12.0: 0.2, 13.0: 0.7, 14.0: 0.3}","{1.0: -0.5, 2.0: -0.3}",2024
Rob Dillingham,8,0.555051322,-0.113200595,3.7,-1.42,Trae Young,Elie Okobo,"{1.0: 2.2, 2.0: 3.1, 3.0: 0.9, 4.0: 3.0, 5.0: 4.8, 6.0: 3.4}","{1.0: 0.0, 2.0: -0.9}",2024
Devin Carter,13,0.525027613,0.160158122,3.5,2,Donovan Mitchell,Nick Johnson,"{1.0: 2.2, 2.0: 2.3, 3.0: 3.6, 4.0: 5.0, 5.0: 3.9, 6.0: 2.2, 7.0: 2.8}",{1.0: -0.3},2024
Cody Williams,10,0.200006528,-0.260431022,1.33,-3.26,Glenn Robinson III,Melvin Frazier,"{1.0: 0.1, 2.0: 0.0, 3.0: -0.2, 4.0: 0.1, 5.0: -0.1, 6.0: -0.1, 7.0: -0.2, 8.0: 0.1, 9.0: 0.6, 10.0: 0.1, 11.0: -0.2}","{1.0: 0.0, 2.0: -0.1, 3.0: -0.4}",2024
Tidjane Salaun,6,0.541083722,-0.071403057,3.61,-0.89,Usman Garuba,Sekou Doumbouya,"{1.0: 0.1, 2.0: 0.2, 3.0: 0.0}","{1.0: -1.0, 2.0: 0.1, 3.0: -0.9}",2024
Jared McCain,16,0.408447285,-0.153675506,2.72,-1.92,Jamal Murray,Doron Lamb,"{1.0: 1.7, 2.0: 1.1, 3.0: 2.9, 4.0: 1.5, 5.0: 1.8, 6.0: 0.0, 7.0: 1.6}","{1.0: -0.3, 2.0: -0.5, 3.0: -0.5, 4.0: -0.8}",2024
Ja'Kobe Walter,19,0.426177801,-0.131039154,2.84,-1.64,Bradley Beal,Romeo Langford,"{1.0: 1.6, 2.0: 1.0, 3.0: 1.0, 4.0: 2.9, 5.0: 3.5, 6.0: 2.5, 7.0: 1.1, 8.0: 3.7, 9.0: 1.0, 10.0: 1.1, 11.0: 1.0, 12.0: 3.1}","{1.0: 0.1, 2.0: 0.2, 3.0: 0.0, 4.0: -0.2, 5.0: -0.5, 6.0: -0.3}",2024
Tristan da Silva,18,0.132679242,-0.05040014,0.88,-0.63,Saddiq Bey,Isaiah Livers,"{1.0: 0.9, 2.0: 0.4, 3.0: 0.1, 4.0: 0.5, 5.0: 1.2, 6.0: 0.7}","{1.0: -0.1, 2.0: 0.0, 3.0: -0.5}",2024
Johnny Furphy,35,0.435205665,-0.11183751,2.9,-1.4,Trey Murphy III,Joshua Primo,"{1.0: 1.9, 2.0: 0.2, 3.0: 2.3}","{1.0: -0.1, 2.0: -0.1, 3.0: -0.7}",2024
Kyle Filipowski,32,0.486517928,0.093582412,3.24,1.17,Kelly Olynyk,A.J. Hammons,"{1.0: 0.4, 2.0: 1.6, 3.0: 1.4, 4.0: 0.7, 5.0: 0.8, 6.0: 1.7, 7.0: 1.0, 8.0: 0.9, 9.0: 1.2, 10.0: 1.9, 11.0: 1.2, 12.0: 1.2, 13.0: 0.3, 14.0: 1.2, 15.0: 0.5}",{1.0: -0.2},2024
Kel'el Ware,15,0.659875166,0.233869408,4.4,2.92,Clint Capela,Daniel Oturu,"{1.0: 2.8, 2.0: 0.6, 3.0: 1.1, 4.0: 2.1, 5.0: 2.8, 6.0: 1.0, 7.0: 1.2, 8.0: 2.2, 9.0: -0.1, 10.0: 1.8}","{1.0: 0.0, 2.0: -0.1}",2024
Terrence Shannon Jr.,27,0.294012982,0.055066817,1.96,0.69,Damian Lillard,Cleanthony Early,"{1.0: 1.8, 2.0: 4.9, 3.0: 2.7, 4.0: 6.3, 5.0: 0.9, 6.0: 5.0, 7.0: 4.3, 8.0: 3.9, 9.0: 4.8, 10.0: 5.9, 11.0: 4.9, 12.0: 6.0}","{1.0: -0.5, 2.0: -0.3}",2024
Yves Missi,21,0.669906852,0.121116225,4.47,1.51,Bam Adebayo,Dewan Hernandez,"{1.0: 2.7, 2.0: 3.3, 3.0: 1.8, 4.0: 2.3, 5.0: 2.7, 6.0: 0.6, 7.0: 3.7}",{1.0: -0.1},2024
Isaiah Collier,29,0.335005148,-0.228022261,2.23,-2.85,Dejounte Murray,Tyshawn Taylor,"{1.0: 1.1, 2.0: -0.2, 3.0: 1.5, 4.0: 2.6, 5.0: 2.1, 6.0: 4.4, 7.0: 1.0}","{1.0: -0.3, 2.0: -0.5}",2024
Tyler Smith,33,0.431603044,-0.070938236,2.88,-0.89,Miles Bridges,Sekou Doumbouya,"{1.0: -0.3, 2.0: 0.5, 3.0: 2.5, 4.0: 1.1, 5.0: 0.6}","{1.0: -1.0, 2.0: 0.1, 3.0: -0.9}",2024
Tyler Kolek,34,0.217360552,0.03302874,1.45,0.41,Tyrese Haliburton,Davion Mitchell,"{1.0: 5.0, 2.0: 1.5, 3.0: 1.1, 4.0: 3.1, 5.0: 2.0, 6.0: 4.4}","{1.0: -0.3, 2.0: -0.4, 3.0: -0.9}",2024
Zach Edey,9,0.92648956,0.501166632,6.18,6.26,Jakob Poeltl,James Wiseman,"{1.0: 1.3, 2.0: 1.3, 3.0: 1.3, 4.0: 0.9, 5.0: 1.9, 6.0: 1.0, 7.0: -0.2, 8.0: 0.9, 9.0: 0.9, 10.0: 1.7}","{1.0: 0.0, 2.0: -0.4, 3.0: -0.6, 4.0: -0.3, 5.0: -0.4}",2024
DaRon Holmes II,22,0.619279218,0.177103664,4.13,2.21,Jakob Poeltl,Cameron Bairstow,"{1.0: 1.3, 2.0: 1.3, 3.0: 1.3, 4.0: 0.9, 5.0: 1.9, 6.0: 1.0, 7.0: -0.2, 8.0: 0.9, 9.0: 0.9, 10.0: 1.7}","{1.0: -0.1, 2.0: -0.1}",2024
Kyshawn George,24,0.152198861,-0.101644209,1.01,-1.27,Arnoldas Kulboka,Joshua Primo,{1.0: 0.0},"{1.0: -0.1, 2.0: -0.1, 3.0: -0.7}",2024
Bobi Klintman,37,0.128036819,-0.059465252,0.85,-0.74,Patrick Williams,Sekou Doumbouya,"{1.0: -0.1, 2.0: 0.4, 3.0: -0.2, 4.0: 0.0}","{1.0: -1.0, 2.0: 0.1, 3.0: -0.9}",2024
Carlton Carrington,14,0.355700407,-0.116875941,2.37,-1.46,Tyrese Maxey,Marquis Teague,"{1.0: 3.4, 2.0: 1.8, 3.0: 1.3, 4.0: 0.1}","{1.0: -0.6, 2.0: -0.2, 3.0: -0.4, 4.0: -0.1, 5.0: -0.4}",2024
Baylor Scheierman,30,0.159906901,0.011335762,1.07,0.14,Desmond Bane,Isaiah Livers,"{1.0: 1.7, 2.0: 2.7, 3.0: 2.5, 4.0: 0.5}","{1.0: -0.1, 2.0: 0.0, 3.0: -0.5}",2024
Juan Núñez,36,0.594230206,0.093791472,3.96,1.17,Josh Giddey,Killian Hayes,"{1.0: 0.5, 2.0: 1.8, 3.0: 1.9}","{1.0: -0.6, 2.0: -1.0, 3.0: -0.2, 4.0: -0.9}",2024
Jaylon Tyson,20,0.251880645,-0.079796368,1.68,-1,Anthony Edwards,Dwayne Bacon,"{1.0: 2.0, 2.0: 3.7, 3.0: 2.1, 4.0: -0.1}","{1.0: -0.5, 2.0: -0.3, 3.0: -0.8, 4.0: -1.5}",2024
Pacome Dadiet,25,0.560763892,-0.106658957,3.74,-1.33,Usman Garuba,Sekou Doumbouya,"{1.0: 0.1, 2.0: 0.2, 3.0: 0.0}","{1.0: -1.0, 2.0: 0.1, 3.0: -0.9}",2024
Ryan Dunn,28,0.409907645,0.287027242,2.73,3.59,Robert Williams,Josh Huestis,"{1.0: 3.4, 2.0: 2.0, 3.0: 0.3, 4.0: 1.1, 5.0: 0.1, 6.0: 0.7}","{1.0: 0.1, 2.0: 0.0, 3.0: -0.5}",2024
Kevin McCullar,57,0.176560261,-0.043695943,1.18,-0.55,R.J. Hunter,Dwayne Bacon,"{1.0: 0.0, 2.0: 0.0, 3.0: 0.0, 4.0: 0.0}","{1.0: -0.5, 2.0: -0.3, 3.0: -0.8, 4.0: -1.5}",2024
AJ Johnson,23,0.028488249,-0.263529657,0.19,-3.29,Kevin Porter Jr.,Dragan Bender,"{1.0: 0.2, 2.0: -0.3, 3.0: -0.5, 4.0: 1.3}","{1.0: -0.4, 2.0: -0.1, 3.0: -0.1, 4.0: -0.9, 5.0: 0.0, 6.0: -0.5}",2024
Jonathan Mogbo,31,0.870471453,0.472295487,5.8,5.9,Anthony Davis,Brice Johnson,"{1.0: 4.0, 2.0: 5.4, 3.0: 2.1, 4.0: 5.9, 5.0: 5.3, 6.0: 5.4, 7.0: 6.7, 8.0: 4.9, 9.0: 4.0, 10.0: 2.0, 11.0: 3.2, 12.0: 2.0}","{1.0: 0.0, 2.0: 0.1, 3.0: 0.0, 4.0: 0.0}",2024
Jamal Shead,45,0.363064283,0.08626464,2.42,1.08,Tre Jones,Peyton Siva,"{1.0: -0.1, 2.0: 0.9, 3.0: 0.5, 4.0: 0.4}",{1.0: -0.2},2024
Ajay Mitchell,38,0.3121788,-0.141705774,2.08,-1.77,Trae Young,Jawun Evans,"{1.0: 2.2, 2.0: 3.1, 3.0: 0.9, 4.0: 3.0, 5.0: 4.8, 6.0: 3.4}","{1.0: -0.6, 2.0: -0.1, 3.0: 0.0, 4.0: -0.1}",2024
Oso Ighodaro,40,0.405149596,0.16916078,2.7,2.11,Bam Adebayo,Dewan Hernandez,"{1.0: 2.7, 2.0: 3.3, 3.0: 1.8, 4.0: 2.3, 5.0: 2.7, 6.0: 0.6, 7.0: 3.7}",{1.0: -0.1},2024
Cam Christie,46,0.360573553,-0.152300686,2.4,-1.9,Zach LaVine,Joshua Primo,"{1.0: 2.7, 2.0: -0.1, 3.0: 0.3, 4.0: 1.5, 5.0: 0.5, 6.0: 2.4, 7.0: 2.6, 8.0: 3.1, 9.0: 0.9, 10.0: -1.3}","{1.0: -0.1, 2.0: -0.1, 3.0: -0.7}",2024
Nikola Djurisic,43,0.284872131,-0.130063846,1.9,-1.63,Luka Dončić,Killian Hayes,"{1.0: 5.9, 2.0: 5.4, 3.0: 5.1, 4.0: 3.4, 5.0: 6.6, 6.0: 8.0}","{1.0: -0.6, 2.0: -1.0, 3.0: -0.2, 4.0: -0.9}",2024
Adem Bona,41,0.536403133,0.122775341,3.58,1.53,Joel Embiid,Robert Sacre,"{1.0: 3.8, 2.0: 2.5, 3.0: 6.5, 4.0: 1.3, 5.0: 3.8, 6.0: 4.5, 7.0: 2.6, 8.0: 6.4}","{1.0: -0.4, 2.0: -0.4, 3.0: -0.4, 4.0: -0.2}",2024
KJ Simpson,42,0.43959227,0.062149793,2.93,0.78,Jalen Brunson,Tyler Ulis,"{1.0: 0.3, 2.0: 5.4, 3.0: 1.2, 4.0: 3.5, 5.0: 0.1, 6.0: 1.9}","{1.0: 0.0, 2.0: -0.1, 3.0: -1.0}",2024
Jaylen Wells,39,0.182640284,-0.121814406,1.22,-1.52,Trey Murphy III,Isaiah Livers,"{1.0: 1.9, 2.0: 0.2, 3.0: 2.3}","{1.0: -0.1, 2.0: 0.0, 3.0: -0.5}",2024
Dillon Jones,26,0.429735289,0.160464349,2.86,2.01,Ben Simmons,Chandler Hutchison,"{1.0: 0.4, 2.0: 0.7, 3.0: 3.8, 4.0: 4.5, 5.0: 2.8, 6.0: 2.3}","{1.0: -0.4, 2.0: -0.2, 3.0: -0.3, 4.0: -0.1, 5.0: -0.1, 6.0: 0.0}",2024
Pelle Larsson,44,0.120564691,-0.063792306,0.8,-0.8,Donte DiVincenzo,Kim English,"{1.0: 1.0, 2.0: -0.1, 3.0: 1.3, 4.0: 1.3, 5.0: -0.3, 6.0: 0.2, 7.0: 0.0, 8.0: 3.2}",{1.0: -0.2},2024
Justin Edwards,66,0.108831854,-0.260221543,0.73,-3.25,Arnoldas Kulboka,Paul Zipser,{1.0: 0.0},"{1.0: -0.8, 2.0: -0.5}",2024
Harrison Ingram,48,0.293723674,-0.031083127,1.96,-0.39,Franz Wagner,Jacob Evans,"{1.0: 1.3, 2.0: 0.8, 3.0: 1.9}","{1.0: -0.5, 2.0: -0.3, 3.0: -0.5, 4.0: 0.0}",2024
Keshad Johnson,71,0.154678516,-0.074573231,1.03,-0.93,Chuma Okeke,Kai Jones,"{1.0: -0.2, 2.0: 0.1, 3.0: 0.8, 4.0: 0.1}","{1.0: -0.1, 2.0: -0.3}",2024
Melvin Ajinca,52,0.152114169,-0.201032126,1.01,-2.51,Rodney Hood,Mario Hezonja,"{1.0: 0.0, 2.0: -1.0, 3.0: -0.9, 4.0: 0.2, 5.0: 1.7, 6.0: -0.2, 7.0: 0.0, 8.0: 0.0, 9.0: 0.1, 10.0: -0.2, 11.0: -0.2, 12.0: 0.7, 13.0: 0.4, 14.0: 0.3, 15.0: 0.8, 16.0: 0.0}","{1.0: 0.6, 2.0: -0.2, 3.0: -0.4, 4.0: -0.7, 5.0: -0.5}",2024
Cam Spencer,54,0.388575079,0.102194744,2.59,1.28,Monte Morris,Chris Duarte,"{1.0: 0.4, 2.0: 0.1, 3.0: -0.1, 4.0: 0.3, 5.0: 1.7, 6.0: 0.5, 7.0: 1.1, 8.0: 1.1, 9.0: 0.7}","{1.0: -0.1, 2.0: -0.6, 3.0: -0.2}",2024
Jalen Bridges,63,0.150191118,-0.018440664,1,-0.23,Trey Murphy III,Isaiah Livers,"{1.0: 1.9, 2.0: 0.2, 3.0: 2.3}","{1.0: -0.1, 2.0: 0.0, 3.0: -0.5}",2024
Tristen Newton,50,0.366013858,0.06759712,2.44,0.84,Tyus Jones,Tyler Ulis,"{1.0: 1.3, 2.0: 0.6, 3.0: -0.1, 4.0: 1.7, 5.0: 0.8, 6.0: 1.1, 7.0: 1.4, 8.0: 0.9, 9.0: 0.4}","{1.0: 0.0, 2.0: -0.1, 3.0: -1.0}",2024
Isaiah Crawford,64,0.284699872,0.009536902,1.9,0.12,Draymond Green,Josh Jackson,"{1.0: 5.3, 2.0: 1.8, 3.0: 4.3, 4.0: 1.8, 5.0: 2.8, 6.0: 0.5, 7.0: 1.6, 8.0: -0.4, 9.0: 1.9, 10.0: 3.5, 11.0: 1.6, 12.0: 1.8}","{1.0: -1.1, 2.0: -0.3, 3.0: -0.4, 4.0: -1.3, 5.0: 0.2, 6.0: -0.5, 7.0: -0.2}",2024
Trey Alexander,61,0.224361539,-0.129663132,1.5,-1.62,Desmond Bane,Joe Young,"{1.0: 1.7, 2.0: 2.7, 3.0: 2.5, 4.0: 0.5}","{1.0: -0.3, 2.0: -0.2, 3.0: -0.1}",2024
Ulrich Chomche,58,0.71267641,0.284834627,4.75,3.56,Isaiah Hartenstein,Ziaire Williams,"{1.0: -0.1, 2.0: 2.0, 3.0: 0.2, 4.0: 0.2, 5.0: 0.7, 6.0: 2.6, 7.0: -0.1, 8.0: 0.3}","{1.0: -0.3, 2.0: -0.6, 3.0: -0.5}",2024
Antonio Reeves,47,0.159441082,-0.098698072,1.06,-1.23,Buddy Hield,Jerome Robinson,"{1.0: 1.5, 2.0: 2.7, 3.0: 0.9, 4.0: 0.6, 5.0: 0.2, 6.0: 1.7, 7.0: 0.5, 8.0: 2.4, 9.0: 1.3, 10.0: -0.2, 11.0: 0.0, 12.0: 0.2, 13.0: 0.7, 14.0: 0.3}","{1.0: -0.5, 2.0: -0.2, 3.0: -0.1, 4.0: -0.3, 5.0: -0.1, 6.0: -0.4}",2024
PJ Hall,70,0.255140201,-0.059494428,1.7,-0.74,Santi Aldama,Adreian Payne,"{1.0: 0.7, 2.0: -0.3, 3.0: 1.1}","{1.0: 0.0, 2.0: -0.9, 3.0: -0.5, 4.0: 0.0, 5.0: -0.9, 6.0: 0.0}",2024
Trentyn Flowers,69,0.093821387,-0.154316078,0.63,-1.93,Jonathan Kuminga,Ziaire Williams,"{1.0: 0.8, 2.0: 0.1, 3.0: 0.1}","{1.0: -0.3, 2.0: -0.6, 3.0: -0.5}",2024
Enrique Freeman,51,0.464513955,0.044935573,3.1,0.56,Domantas Sabonis,Anthony Bennett,"{1.0: 6.2, 2.0: -1.0, 3.0: 2.9, 4.0: 5.4, 5.0: 3.2, 6.0: 0.5, 7.0: 3.3, 8.0: 2.7, 9.0: 0.4, 10.0: 2.4}","{1.0: -0.4, 2.0: -0.9, 3.0: 0.0, 4.0: 0.0}",2024
Isaac Jones,72,0.181593162,-0.021057282,1.21,-0.26,Bam Adebayo,Robert Sacre,"{1.0: 2.7, 2.0: 3.3, 3.0: 1.8, 4.0: 2.3, 5.0: 2.7, 6.0: 0.6, 7.0: 3.7}","{1.0: -0.4, 2.0: -0.4, 3.0: -0.4, 4.0: -0.2}",2024
Ariel Hukporti,60,0.311525337,0.087632191,2.08,1.1,Clint Capela,Ike Anigbogu,"{1.0: 2.8, 2.0: 0.6, 3.0: 1.1, 4.0: 2.1, 5.0: 2.8, 6.0: 1.0, 7.0: 1.2, 8.0: 2.2, 9.0: -0.1, 10.0: 1.8}","{1.0: 0.0, 2.0: 0.0}",2024
N'Faly Dante,65,0.762997053,0.341432394,5.09,4.27,Rudy Gobert,Bruno Fernando,"{1.0: -0.1, 2.0: 1.4, 3.0: 4.4, 4.0: 2.5, 5.0: 3.6, 6.0: 2.5, 7.0: 3.8, 8.0: 3.3, 9.0: 3.4, 10.0: 4.8, 11.0: 2.0}","{1.0: -0.1, 2.0: 0.1, 3.0: 0.0, 4.0: 0.0, 5.0: -0.3, 6.0: 0.1, 7.0: -0.4, 8.0: 0.0, 9.0: 0.0}",2024
Reece Beekman,62,0.29045828,0.009640228,1.94,0.12,Monte Morris,Peyton Siva,"{1.0: 0.4, 2.0: 0.1, 3.0: -0.1, 4.0: 0.3, 5.0: 1.7, 6.0: 0.5, 7.0: 1.1, 8.0: 1.1, 9.0: 0.7}",{1.0: -0.2},2024
Anton Watson,55,0.328628053,0.126804681,2.19,1.59,Montrezl Harrell,Guerschon Yabusele,"{1.0: 1.7, 2.0: 2.4, 3.0: 0.5, 4.0: 0.1, 5.0: 2.9, 6.0: 0.1, 7.0: 2.0, 8.0: 1.9, 9.0: 0.8, 10.0: 2.2}","{1.0: 0.0, 2.0: 0.0}",2024
Quinten Post,53,0.254066552,0.121666081,1.69,1.52,Kelly Olynyk,A.J. Hammons,"{1.0: 0.4, 2.0: 1.6, 3.0: 1.4, 4.0: 0.7, 5.0: 0.8, 6.0: 1.7, 7.0: 1.0, 8.0: 0.9, 9.0: 1.2, 10.0: 1.9, 11.0: 1.2, 12.0: 1.2, 13.0: 0.3, 14.0: 1.2, 15.0: 0.5}",{1.0: -0.2},2024
Judah Mintz,73,0.34316575,-0.150613034,2.29,-1.88,De'Aaron Fox,Semaj Christon,"{1.0: 2.7, 2.0: 1.6, 3.0: 2.0, 4.0: 0.7, 5.0: 2.3, 6.0: 3.2, 7.0: -1.1}",{1.0: -0.8},2024
Zyon Pullin,75,0.095852609,-0.108849943,0.64,-1.36,Tyus Jones,Tyler Ulis,"{1.0: 1.3, 2.0: 0.6, 3.0: -0.1, 4.0: 1.7, 5.0: 0.8, 6.0: 1.1, 7.0: 1.4, 8.0: 0.9, 9.0: 0.4}","{1.0: 0.0, 2.0: -0.1, 3.0: -1.0}",2024
Bronny James,56,0.174145117,-0.110318499,1.16,-1.38,Tyrese Maxey,Marquis Teague,"{1.0: 3.4, 2.0: 1.8, 3.0: 1.3, 4.0: 0.1}","{1.0: -0.6, 2.0: -0.2, 3.0: -0.4, 4.0: -0.1, 5.0: -0.4}",2024
Boogie Ellis,67,0.058384458,-0.136602813,0.39,-1.71,Devonte' Graham,Austin Rivers,"{1.0: 0.5, 2.0: 1.1, 3.0: 1.4, 4.0: -0.1, 5.0: 0.6, 6.0: 0.4, 7.0: 0.2, 8.0: -0.3}","{1.0: 0.4, 2.0: -1.1, 3.0: -0.6, 4.0: -0.5, 5.0: -0.3, 6.0: -0.2, 7.0: -0.1, 8.0: -0.2, 9.0: -0.2, 10.0: -0.2, 11.0: 0.0, 12.0: -0.6, 13.0: -0.1, 14.0: -0.7, 15.0: 0.0, 16.0: 0.0, 17.0: -1.5}",2024
Mantas Rubstavicius,76,0.12486666,-0.173314734,0.83,-2.17,Trey Murphy III,Kim English,"{1.0: 1.9, 2.0: 0.2, 3.0: 2.3}",{1.0: -0.2},2024
Victor Wembanyama,1,1.245600659,0.550017421,8.3,6.88,Joel Embiid,Reggie Perry,"{1.0: 3.8, 2.0: 2.5, 3.0: 6.5, 4.0: 1.3, 5.0: 3.8, 6.0: 4.5, 7.0: 2.6, 8.0: 6.4}","{1.0: 0.0, 2.0: -0.2, 3.0: -0.1, 4.0: -0.1}",2023
Brandon Miller,2,0.652863834,0.061483788,4.35,0.77,Miles Bridges,Cleanthony Early,"{1.0: -0.3, 2.0: 0.5, 3.0: 2.5, 4.0: 1.1, 5.0: 0.6}","{1.0: -0.5, 2.0: -0.3}",2023
Scoot Henderson,3,0.395002085,-0.191934724,2.63,-2.4,Dejounte Murray,Killian Hayes,"{1.0: 1.1, 2.0: -0.2, 3.0: 1.5, 4.0: 2.6, 5.0: 2.1, 6.0: 4.4, 7.0: 1.0}","{1.0: -0.6, 2.0: -1.0, 3.0: -0.2, 4.0: -0.9}",2023
Amen Thompson,4,0.951848458,0.525662931,6.35,6.57,Ja Morant,Killian Hayes,"{1.0: 1.2, 2.0: 0.4, 3.0: 3.8, 4.0: 0.8, 5.0: 3.9}","{1.0: -0.6, 2.0: -1.0, 3.0: -0.2, 4.0: -0.9}",2023
Ausar Thompson,5,0.778408982,0.401221475,5.19,5.02,LaMelo Ball,Dillon Brooks,"{1.0: 1.4, 2.0: 3.3, 3.0: 1.4, 4.0: 1.0}","{1.0: -1.1, 2.0: -1.2, 3.0: -1.1, 4.0: 0.0, 5.0: -0.4, 6.0: -0.9, 7.0: -0.9}",2023
Anthony Black,6,0.939549634,0.086806652,6.26,1.09,Dejounte Murray,Marquis Teague,"{1.0: 1.1, 2.0: -0.2, 3.0: 1.5, 4.0: 2.6, 5.0: 2.1, 6.0: 4.4, 7.0: 1.0}","{1.0: -0.6, 2.0: -0.2, 3.0: -0.4, 4.0: -0.1, 5.0: -0.4}",2023
Bilal Coulibaly,7,1.05991861,0.039320793,7.07,0.49,Rondae Hollis-Jefferson,Kostas Papanikolaou,"{1.0: 0.6, 2.0: 0.4, 3.0: 0.1, 4.0: 1.0, 5.0: -0.2, 6.0: 0.3}","{1.0: 0.0, 2.0: -0.2}",2023
Jarace Walker,8,0.824835703,0.178670193,5.5,2.23,Montrezl Harrell,Dragan Bender,"{1.0: 1.7, 2.0: 2.4, 3.0: 0.5, 4.0: 0.1, 5.0: 2.9, 6.0: 0.1, 7.0: 2.0, 8.0: 1.9, 9.0: 0.8, 10.0: 2.2}","{1.0: -0.4, 2.0: -0.1, 3.0: -0.1, 4.0: -0.9, 5.0: 0.0, 6.0: -0.5}",2023
Taylor Hendricks,9,0.885264682,0.122541987,5.9,1.53,Lauri Markkanen,Ryan Kelly,"{1.0: 1.1, 2.0: 0.9, 3.0: 0.7, 4.0: 3.3, 5.0: 2.6, 6.0: 0.7, 7.0: 0.5}","{1.0: -0.4, 2.0: -0.2, 3.0: 0.0, 4.0: 0.2}",2023
Cason Wallace,10,0.714909538,-0.08394288,4.77,-1.05,Tyrese Haliburton,Marquis Teague,"{1.0: 5.0, 2.0: 1.5, 3.0: 1.1, 4.0: 3.1, 5.0: 2.0, 6.0: 4.4}","{1.0: -0.6, 2.0: -0.2, 3.0: -0.4, 4.0: -0.1, 5.0: -0.4}",2023
Jett Howard,11,0.499734201,-0.105489032,3.33,-1.32,Bogdan Bogdanović,Joshua Primo,"{1.0: 1.4, 2.0: 0.9, 3.0: 0.3, 4.0: 0.7, 5.0: 1.8, 6.0: 1.5, 7.0: 1.2}","{1.0: -0.1, 2.0: -0.1, 3.0: -0.7}",2023
Dereck Lively II,12,1.177092822,0.702539636,7.85,8.78,Rudy Gobert,Fab Melo,"{1.0: -0.1, 2.0: 1.4, 3.0: 4.4, 4.0: 2.5, 5.0: 3.6, 6.0: 2.5, 7.0: 3.8, 8.0: 3.3, 9.0: 3.4, 10.0: 4.8, 11.0: 2.0}",{1.0: -0.1},2023
Gradey Dick,13,0.735059779,-0.037256864,4.9,-0.47,Tyler Herro,Jordan Poole,"{1.0: 0.1, 2.0: 0.3, 3.0: 1.0, 4.0: 1.6, 5.0: 1.5}","{1.0: -1.2, 2.0: 0.4, 3.0: 1.7, 4.0: -1.5, 5.0: 0.1}",2023
Jordan Hawkins,14,0.429285864,-0.16649534,2.86,-2.08,Jamal Murray,Tyler Dorsey,"{1.0: 1.7, 2.0: 1.1, 3.0: 2.9, 4.0: 1.5, 5.0: 1.8, 6.0: 0.0, 7.0: 1.6}","{1.0: -0.3, 2.0: -0.1, 3.0: 0.0, 4.0: -0.2, 5.0: -0.2}",2023
Kobe Bufkin,15,0.687835787,-0.113642215,4.59,-1.42,Tyrese Maxey,Kira Lewis Jr.,"{1.0: 3.4, 2.0: 1.8, 3.0: 1.3, 4.0: 0.1}","{1.0: -0.2, 2.0: 0.1, 3.0: -0.3, 4.0: 0.0, 5.0: 0.0, 6.0: -0.2, 7.0: -0.3}",2023
Keyonte George,16,0.456202528,-0.3521295,3.04,-4.4,Anthony Edwards,Isaiah Whitehead,"{1.0: 2.0, 2.0: 3.7, 3.0: 2.1, 4.0: -0.1}","{1.0: -1.3, 2.0: -0.1}",2023
Jalen Hood-Schifino,17,0.266523167,-0.30745086,1.78,-3.84,Dejounte Murray,Ziaire Williams,"{1.0: 1.1, 2.0: -0.2, 3.0: 1.5, 4.0: 2.6, 5.0: 2.1, 6.0: 4.4, 7.0: 1.0}","{1.0: -0.3, 2.0: -0.6, 3.0: -0.5}",2023
Jaime Jaquez Jr.,18,0.545528215,0.125369699,3.64,1.57,Josh Hart,Dillon Brooks,"{1.0: 0.6, 2.0: 0.4, 3.0: 0.7, 4.0: 0.4, 5.0: 1.0, 6.0: 1.8, 7.0: 1.3, 8.0: 0.8, 9.0: 0.9, 10.0: 0.3, 11.0: 1.4}","{1.0: -1.1, 2.0: -1.2, 3.0: -1.1, 4.0: 0.0, 5.0: -0.4, 6.0: -0.9, 7.0: -0.9}",2023
Brandin Podziemski,19,1.023951929,0.205755726,6.83,2.57,Desmond Bane,Chris Duarte,"{1.0: 1.7, 2.0: 2.7, 3.0: 2.5, 4.0: 0.5}","{1.0: -0.1, 2.0: -0.6, 3.0: -0.2}",2023
Cam Whitmore,20,0.698978466,-0.117272632,4.66,-1.47,Jonathan Kuminga,Sekou Doumbouya,"{1.0: 0.8, 2.0: 0.1, 3.0: 0.1}","{1.0: -1.0, 2.0: 0.1, 3.0: -0.9}",2023
Noah Clowney,21,0.766567977,-0.055371792,5.11,-0.69,Jonathan Isaac,Petr Cornelie,"{1.0: 1.1, 2.0: 0.8, 3.0: 1.4, 4.0: 0.2, 5.0: 0.1}",{1.0: -0.1},2023
Dariq Whitehead,22,0.301773166,-0.441589273,2.01,-5.52,Zach LaVine,Joshua Primo,"{1.0: 2.7, 2.0: -0.1, 3.0: 0.3, 4.0: 1.5, 5.0: 0.5, 6.0: 2.4, 7.0: 2.6, 8.0: 3.1, 9.0: 0.9, 10.0: -1.3}","{1.0: -0.1, 2.0: -0.1, 3.0: -0.7}",2023
Kris Murray,23,0.470199244,0.098466239,3.13,1.23,Georges Niang,Robbie Hummel,"{1.0: 0.0, 2.0: -0.2, 3.0: 0.3, 4.0: 0.5, 5.0: 0.0, 6.0: 0.2, 7.0: 0.4, 8.0: -0.4}","{1.0: 0.0, 2.0: -0.4}",2023
Olivier-Maxence Prosper,24,0.396964746,-0.192522472,2.65,-2.41,Jerami Grant,Kevin Knox,"{1.0: -0.1, 2.0: 0.4, 3.0: 1.2, 4.0: 1.5, 5.0: 1.0, 6.0: -0.5, 7.0: 1.4, 8.0: 0.7, 9.0: 0.3, 10.0: 0.1, 11.0: 0.9, 12.0: 1.0}","{1.0: 0.0, 2.0: -0.1, 3.0: -0.1, 4.0: 0.1, 5.0: -0.4, 6.0: -2.0, 7.0: -0.4, 8.0: -0.1, 9.0: -0.2, 10.0: -0.7}",2023
Marcus Sasser,25,0.662467174,0.055107375,4.42,0.69,Malcolm Brogdon,Darrun Hilliard,"{1.0: 0.3, 2.0: 2.0, 3.0: 1.1, 4.0: 2.1, 5.0: 1.9, 6.0: 1.6, 7.0: 0.8, 8.0: 1.3}","{1.0: -0.1, 2.0: -0.4, 3.0: 0.0}",2023
Ben Sheppard,26,0.38305942,-0.164953758,2.55,-2.06,Malik Beasley,Jerome Robinson,"{1.0: 0.1, 2.0: 0.0, 3.0: 0.6, 4.0: -0.3, 5.0: -0.1, 6.0: 0.2, 7.0: 0.0, 8.0: 0.2, 9.0: 0.1, 10.0: 1.0, 11.0: -0.2, 12.0: 0.7}","{1.0: -0.5, 2.0: -0.2, 3.0: -0.1, 4.0: -0.3, 5.0: -0.1, 6.0: -0.4}",2023
Nick Smith Jr.,27,0.321754918,-0.564833765,2.15,-7.06,Dejounte Murray,Josh Christopher,"{1.0: 1.1, 2.0: -0.2, 3.0: 1.5, 4.0: 2.6, 5.0: 2.1, 6.0: 4.4, 7.0: 1.0}","{1.0: -0.5, 2.0: -0.5}",2023
Brice Sensabaugh,28,0.535788278,-0.345476524,3.57,-4.32,T.J. Warren,Dillon Brooks,"{1.0: 0.0, 2.0: 0.0, 3.0: 0.0, 4.0: 0.7, 5.0: 0.2, 6.0: 0.4, 7.0: 1.7, 8.0: 0.6, 9.0: -0.1, 10.0: 0.7, 11.0: -0.1}","{1.0: -1.1, 2.0: -1.2, 3.0: -1.1, 4.0: 0.0, 5.0: -0.4, 6.0: -0.9, 7.0: -0.9}",2023
Julian Strawther,29,0.43660498,-0.184179194,2.91,-2.3,Saddiq Bey,Elijah Hughes,"{1.0: 0.9, 2.0: 0.4, 3.0: 0.1, 4.0: 0.5, 5.0: 1.2, 6.0: 0.7}","{1.0: -0.5, 2.0: -0.6, 3.0: 0.0, 4.0: 0.0}",2023
Kobe Brown,30,0.551346022,0.211230645,3.68,2.64,Lauri Markkanen,Andrew Nicholson,"{1.0: 1.1, 2.0: 0.9, 3.0: 0.7, 4.0: 3.3, 5.0: 2.6, 6.0: 0.7, 7.0: 0.5}","{1.0: -0.2, 2.0: -0.9, 3.0: 0.2, 4.0: -0.1, 5.0: -0.3, 6.0: -0.4, 7.0: -0.2}",2023
James Nnaji,31,0.929069908,0.247758612,6.19,3.1,Rudy Gobert,Georgios Papagiannis,"{1.0: -0.1, 2.0: 1.4, 3.0: 4.4, 4.0: 2.5, 5.0: 3.6, 6.0: 2.5, 7.0: 3.8, 8.0: 3.3, 9.0: 3.4, 10.0: 4.8, 11.0: 2.0}","{1.0: -0.1, 2.0: 0.0, 3.0: -0.2, 4.0: -0.1}",2023
Jalen Pickett,32,0.30599542,-0.000923877,2.04,-0.01,Jalen Brunson,Davion Mitchell,"{1.0: 0.3, 2.0: 5.4, 3.0: 1.2, 4.0: 3.5, 5.0: 0.1, 6.0: 1.9}","{1.0: -0.3, 2.0: -0.4, 3.0: -0.9}",2023
Leonard Miller,33,0.783622421,-0.065262785,5.22,-0.82,Deyonta Davis,Sekou Doumbouya,"{1.0: -0.2, 2.0: 0.0, 3.0: 0.1}","{1.0: -1.0, 2.0: 0.1, 3.0: -0.9}",2023
Colby Jones,34,0.457643832,-0.04596893,3.05,-0.57,Terance Mann,Michael Gbinije,"{1.0: 0.6, 2.0: 0.2, 3.0: 0.8, 4.0: 0.8, 5.0: 0.0}",{1.0: -0.1},2023
Julian Phillips,35,0.429478044,-0.146095216,2.86,-1.83,Jerami Grant,Georgios Kalaitzakis,"{1.0: -0.1, 2.0: 0.4, 3.0: 1.2, 4.0: 1.5, 5.0: 1.0, 6.0: -0.5, 7.0: 1.4, 8.0: 0.7, 9.0: 0.3, 10.0: 0.1, 11.0: 0.9, 12.0: 1.0}","{1.0: -0.2, 2.0: -0.3, 3.0: -0.1}",2023
Andre Jackson Jr.,36,0.373933555,0.039655782,2.49,0.5,Josh Giddey,Kendall Marshall,"{1.0: 0.5, 2.0: 1.8, 3.0: 1.9}","{1.0: -0.2, 2.0: 0.1, 3.0: -0.5, 4.0: -0.6}",2023
Hunter Tyson,37,0.473382917,0.080612823,3.16,1.01,Trey Murphy III,Isaiah Livers,"{1.0: 1.9, 2.0: 0.2, 3.0: 2.3}","{1.0: -0.1, 2.0: 0.0, 3.0: -0.5}",2023
Jordan Walsh,38,0.562737169,-0.080686793,3.75,-1.01,Scottie Lewis,Malachi Richardson,{1.0: 0.0},"{1.0: -0.2, 2.0: 0.0, 3.0: -0.3, 4.0: -0.3, 5.0: -0.1}",2023
Mouhamed Gueye,39,0.5082949,-0.06222151,3.39,-0.78,Jarrett Allen,Perry Jones,"{1.0: 1.4, 2.0: 0.5, 3.0: 2.4, 4.0: 2.0, 5.0: 0.4, 6.0: 2.7, 7.0: 3.1, 8.0: 1.9, 9.0: 1.1}","{1.0: -0.4, 2.0: 0.1, 3.0: -0.4}",2023
Maxwell Lewis,40,0.358994405,-0.137374765,2.39,-1.72,Anthony Edwards,Dwayne Bacon,"{1.0: 2.0, 2.0: 3.7, 3.0: 2.1, 4.0: -0.1}","{1.0: -0.5, 2.0: -0.3, 3.0: -0.8, 4.0: -1.5}",2023
Amari Bailey,41,0.397248373,-0.436136339,2.65,-5.45,Dejounte Murray,Ziaire Williams,"{1.0: 1.1, 2.0: -0.2, 3.0: 1.5, 4.0: 2.6, 5.0: 2.1, 6.0: 4.4, 7.0: 1.0}","{1.0: -0.3, 2.0: -0.6, 3.0: -0.5}",2023
Tristan Vukčević,42,0.540704392,-0.004236905,3.6,-0.05,Thomas Bryant,Kai Jones,"{1.0: 0.0, 2.0: 0.7, 3.0: 0.2, 4.0: -0.2, 5.0: 0.2, 6.0: 0.9, 7.0: 1.5, 8.0: 0.1, 9.0: 1.2}","{1.0: -0.1, 2.0: -0.3}",2023
Rayan Rupert,43,0.257757322,-0.34747497,1.72,-4.34,Talen Horton-Tucker,Dragan Bender,"{1.0: 0.0, 2.0: 0.2, 3.0: 0.2, 4.0: -0.5, 5.0: 0.3}","{1.0: -0.4, 2.0: -0.1, 3.0: -0.1, 4.0: -0.9, 5.0: 0.0, 6.0: -0.5}",2023
Sidy Cissoko,44,0.476638626,-0.149247088,3.18,-1.87,Deni Avdija,Mario Hezonja,"{1.0: 0.1, 2.0: -0.4, 3.0: -0.1, 4.0: 0.6}","{1.0: 0.6, 2.0: -0.2, 3.0: -0.4, 4.0: -0.7, 5.0: -0.5}",2023
GG Jackson,45,0.439090158,-0.252310264,2.93,-3.15,Anthony Edwards,Ziaire Williams,"{1.0: 2.0, 2.0: 3.7, 3.0: 2.1, 4.0: -0.1}","{1.0: -0.3, 2.0: -0.6, 3.0: -0.5}",2023
Seth Lundy,46,0.268039378,-0.049314105,1.79,-0.62,Trey Murphy III,Damyean Dotson,"{1.0: 1.9, 2.0: 0.2, 3.0: 2.3}","{1.0: 0.0, 2.0: -0.6, 3.0: -0.3, 4.0: 0.1, 5.0: 0.0}",2023
Mojave King,47,0.158926282,-0.325519641,1.06,-4.07,Zach LaVine,Joshua Primo,"{1.0: 2.7, 2.0: -0.1, 3.0: 0.3, 4.0: 1.5, 5.0: 0.5, 6.0: 2.4, 7.0: 2.6, 8.0: 3.1, 9.0: 0.9, 10.0: -1.3}","{1.0: -0.1, 2.0: -0.1, 3.0: -0.7}",2023
Jordan Miller,48,0.373463359,0.084436268,2.49,1.06,Trey Murphy III,De'Andre Hunter,"{1.0: 1.9, 2.0: 0.2, 3.0: 2.3}","{1.0: 0.5, 2.0: -0.8, 3.0: -0.7, 4.0: -1.4, 5.0: -0.2}",2023
Emoni Bates,49,0.543486797,-0.185558703,3.62,-2.32,Anthony Edwards,Kevin Knox,"{1.0: 2.0, 2.0: 3.7, 3.0: 2.1, 4.0: -0.1}","{1.0: 0.0, 2.0: -0.1, 3.0: -0.1, 4.0: 0.1, 5.0: -0.4, 6.0: -2.0, 7.0: -0.4, 8.0: -0.1, 9.0: -0.2, 10.0: -0.7}",2023
Keyontae Johnson,50,0.063572906,-0.308993928,0.42,-3.86,Taurean Prince,Dwayne Bacon,"{1.0: 0.0, 2.0: 0.3, 3.0: -0.4, 4.0: 0.0, 5.0: 0.6, 6.0: -0.4, 7.0: 0.0, 8.0: 0.0, 9.0: 0.0, 10.0: -0.4}","{1.0: -0.5, 2.0: -0.3, 3.0: -0.8, 4.0: -1.5}",2023
Jalen Wilson,51,0.069410265,-0.262087701,0.46,-3.28,Miles Bridges,Dwayne Bacon,"{1.0: -0.3, 2.0: 0.5, 3.0: 2.5, 4.0: 1.1, 5.0: 0.6}","{1.0: -0.5, 2.0: -0.3, 3.0: -0.8, 4.0: -1.5}",2023
Toumani Camara,52,0.498653433,0.045130521,3.32,0.56,Domantas Sabonis,Ray Spalding,"{1.0: 6.2, 2.0: -1.0, 3.0: 2.9, 4.0: 5.4, 5.0: 3.2, 6.0: 0.5, 7.0: 3.3, 8.0: 2.7, 9.0: 0.4, 10.0: 2.4}","{1.0: -0.1, 2.0: -0.1, 3.0: 0.0, 4.0: -0.1}",2023
Jaylen Clark,53,0.661007027,0.141411461,4.41,1.77,Donovan Mitchell,Jacob Evans,"{1.0: 2.2, 2.0: 2.3, 3.0: 3.6, 4.0: 5.0, 5.0: 3.9, 6.0: 2.2, 7.0: 2.8}","{1.0: -0.5, 2.0: -0.3, 3.0: -0.5, 4.0: 0.0}",2023
Jalen Slawson,54,0.686305086,0.259618632,4.58,3.25,Domantas Sabonis,Andrew Nicholson,"{1.0: 6.2, 2.0: -1.0, 3.0: 2.9, 4.0: 5.4, 5.0: 3.2, 6.0: 0.5, 7.0: 3.3, 8.0: 2.7, 9.0: 0.4, 10.0: 2.4}","{1.0: -0.2, 2.0: -0.9, 3.0: 0.2, 4.0: -0.1, 5.0: -0.3, 6.0: -0.4, 7.0: -0.2}",2023
Isaiah Wong,55,0.480616674,-0.074414698,3.2,-0.93,Grayson Allen,Joe Young,"{1.0: 0.6, 2.0: 1.0, 3.0: -0.5, 4.0: 0.1, 5.0: 2.0, 6.0: 1.1}","{1.0: -0.3, 2.0: -0.2, 3.0: -0.1}",2023
Tarik Biberovic,56,-0.284243117,-0.408478449,-1.89,-5.11,Arnoldas Kulboka,Paul Zipser,{1.0: 0.0},"{1.0: -0.8, 2.0: -0.5}",2023
Trayce Jackson-Davis,57,0.755884437,0.580497808,5.04,7.26,Evan Mobley,Daniel Oturu,"{1.0: 1.5, 2.0: 1.9, 3.0: 2.5}","{1.0: 0.0, 2.0: -0.1}",2023
Chris Livingston,58,0.177040158,-0.289003378,1.18,-3.61,Arnoldas Kulboka,Joshua Primo,{1.0: 0.0},"{1.0: -0.1, 2.0: -0.1, 3.0: -0.7}",2023
